{
	"type": "origins:active_self",
	"entity_action": {
  "type": "origins:and",
  "actions": [
    {
      "type": "origins:execute_command",
      "command": "kill @p[distance=1..,sort=nearest]",
	  "permission_level": 4
    },
    {    
      "type": "origins:execute_command",
      "command": "kill @s",
	  "permission_level": 4
      }
    
  ]
	},
	 
	"cooldown": 6000,
	"key": {
        "key": "key.origins.secondary_active",
        "continuous": false
	},
	"hud_render": {
		"should_render": false
	},
	"name": "Last Resort",
	"description": "As a last-ditch effort, you can instantly kill yourself and a nearby player."
	}
