{
  "type": "origins:action_over_time",
  "entity_action": {
    "type": "origins:and",
	"actions": [
		{
   		"type": "origins:apply_effect",
		"effect": {
 			"effect": "minecraft:regeneration",
			"duration": 1200,
    			"amplifier": 1,
			"show_particles": false
					}
		},
		{
		"type": "origins:apply_effect",
		"effect": {
			"effect": "minecraft:absorption",
			"duration": 1200,
			"amplifier": 3,
			"show_particles": false
					}
		},
		{
		"type": "origins:apply_effect",
		"effect": {
			"effect": "minecraft:fire_resistance",
			"duration": 1200,
			"amplifier": 0,
			"show_particles": false
					}
		},
		{
		"type": "origins:apply_effect",
		"effect": {
			"effect": "minecraft:resistance",
			"duration": 1200,
			"amplifier": 0,
			"show_particles": false
					}
		},
		{
		"type": "origins:apply_effect",
		"effect": {
			"effect": "minecraft:saturation",
			"duration": 1200,
			"amplifier": 0,
			"show_particles": false
					}
		}
	]
		
  },
  "interval": 100,
  "condition": {
    "type": "origins:block_in_radius",
    "block_condition": {
      "type": "origins:in_tag",
      "tag": "minecraft:flowers"
    },
    "radius": "20",
    "shape": "cube",
    "comparison": ">=",
    "compare_to": 45
  },
	"hidden": true
  
},