{
	"type": "origins:stacking_status_effect",
	"min_stacks": 0,
	"max_stacks": 1,
	"duration_per_stack": 20,
	"effects": [
		{
			"effect": "minecraft:mining_fatigue",
			"amplifier": 1,
			"is_ambient": true,
			"show_particles": false,
			"show_icon": true
		},
		{
			"effect": "minecraft:weakness",
			"amplifier": 2,
			"is_ambient": true,
			"show_particles": false,
			"show_icon": true
		}
	],
	"condition": {
		"type": "origins:and",
		"conditions": [
			{
				"type": "origins:exposed_to_sky"
			},
			{
				"type": "origins:daytime",
				"inverted": true
			}
		]
	},
	"name": "Diurnal",
	"description": "You're tired during the night, sleep or head inside."
}