{
	"type": "origins:stacking_status_effect",
	"min_stacks": 0,
	"max_stacks": 2,
	"duration_per_stack": 30,
	"effects": [
		{
			"effect": "minecraft:mining_fatigue",
			"amplifier": 1,
			"is_ambient": true,
			"show_particles": false,
			"show_icon": true
		},
		{
			"effect": "minecraft:weakness",
			"amplifier": 2,
			"is_ambient": true,
			"show_particles": false,
			"show_icon": true
		}
	],
	"condition": {
		"type": "origins:in_rain"
	},
	"name": "Dry-Body",
	"description": "It's hard for you to be in the rain, take cover and wait it out."
}